Titulo,Precio,Texto
"Piso en Calle Flaviobriga, 2, Brazomar",595.000 €,"1/28
INMOBILIARIAS.COM · Calidad Fotocasa
595.000 ..."
"Piso con ascensor en Mazuecos, Oriñón - Allendelagua",170.000 €,"Visita guiada
1/25
Video del inmueble
Tour virtual..."
‌,Consultar,"‌
‌
‌
‌
‌
‌
‌..."
‌,Consultar,"‌
‌
‌
‌
‌
‌
‌..."
‌,Consultar,"‌
‌
‌
‌
‌
‌
‌..."
‌,Consultar,"‌
‌
‌
‌
‌
‌
‌..."
‌,Consultar,"‌
‌
‌
‌
‌
‌
‌..."
‌,Consultar,"‌
‌
‌
‌
‌
‌
‌..."
‌,Consultar,"‌
‌
‌
‌
‌
‌
‌..."
‌,Consultar,"‌
‌
‌
‌
‌
‌
‌..."
‌,Consultar,"‌
‌
‌
‌
‌
‌
‌..."
‌,Consultar,"‌
‌
‌
‌
‌
‌
‌..."
‌,Consultar,"‌
‌
‌
‌
‌
‌
‌..."
‌,Consultar,"‌
‌
‌
‌
‌
‌
‌..."
‌,Consultar,"‌
‌
‌
‌
‌
‌
‌..."
‌,Consultar,"‌
‌
‌
‌
‌
‌
‌..."
‌,Consultar,"‌
‌
‌
‌
‌
‌
‌..."
‌,Consultar,"‌
‌
‌
‌
‌
‌
‌..."
‌,Consultar,"‌
‌
‌
‌
‌
‌
‌..."
‌,Consultar,"‌
‌
‌
‌
‌
‌
‌..."
‌,Consultar,"‌
‌
‌
‌
‌
‌
‌..."
‌,Consultar,"‌
‌
‌
‌
‌
‌
‌..."
‌,Consultar,"‌
‌
‌
‌
‌
‌
‌..."
‌,Consultar,"‌
‌
‌
‌
‌
‌
‌..."
‌,Consultar,"‌
‌
‌
‌
‌
‌
‌..."
‌,Consultar,"‌
‌
‌
‌
‌
‌
‌..."
‌,Consultar,"‌
‌
‌
‌
‌
‌
‌..."
‌,Consultar,"‌
‌
‌
‌
‌
‌
‌..."
‌,Consultar,"‌
‌
‌
‌
‌
‌
‌..."
‌,Consultar,"‌
‌
‌
‌
‌
‌
‌..."
