Titulo,Precio,Detalles
"Piso en Calle Flaviobriga, 2, Brazomar",595.000 €,"3 habs ·, 2 baños ·, 119 m² ·"
‌,Consultar,
‌,Consultar,
‌,Consultar,
‌,Consultar,
‌,Consultar,
‌,Consultar,
‌,Consultar,
‌,Consultar,
‌,Consultar,
‌,Consultar,
‌,Consultar,
‌,Consultar,
‌,Consultar,
‌,Consultar,
‌,Consultar,
‌,Consultar,
‌,Consultar,
‌,Consultar,
‌,Consultar,
‌,Consultar,
‌,Consultar,
‌,Consultar,
‌,Consultar,
‌,Consultar,
‌,Consultar,
‌,Consultar,
‌,Consultar,
‌,Consultar,
‌,Consultar,
"Casa o chalet con terraza en Calle Nicolás Torre, Cotolino",649.000 €,"5 habs ·, 4 baños ·, 298 m² ·"
‌,Consultar,
‌,Consultar,
‌,Consultar,
‌,Consultar,
‌,Consultar,
‌,Consultar,
‌,Consultar,
‌,Consultar,
‌,Consultar,
‌,Consultar,
‌,Consultar,
‌,Consultar,
‌,Consultar,
‌,Consultar,
‌,Consultar,
‌,Consultar,
‌,Consultar,
‌,Consultar,
‌,Consultar,
‌,Consultar,
‌,Consultar,
‌,Consultar,
‌,Consultar,
‌,Consultar,
‌,Consultar,
‌,Consultar,
‌,Consultar,
‌,Consultar,
‌,Consultar,
"Casa o chalet en Barrio Allendelagua, Oriñón - Allendelagua",349.000 €,"4 habs ·, 4 baños ·, 250 m² ·"
‌,Consultar,
‌,Consultar,
‌,Consultar,
‌,Consultar,
‌,Consultar,
‌,Consultar,
‌,Consultar,
‌,Consultar,
‌,Consultar,
‌,Consultar,
‌,Consultar,
‌,Consultar,
‌,Consultar,
‌,Consultar,
‌,Consultar,
‌,Consultar,
‌,Consultar,
‌,Consultar,
‌,Consultar,
‌,Consultar,
‌,Consultar,
‌,Consultar,
‌,Consultar,
‌,Consultar,
‌,Consultar,
‌,Consultar,
‌,Consultar,
‌,Consultar,
‌,Consultar,
